"Graner handcuffed him to the bars of a cell window and left him there , feet dangling off the floor , for nearly five hours .",1.0,left,has part
"Graner handcuffed him to the bars of a cell window and left him there , feet dangling off the floor , for nearly five hours .",1.0,were dangling,developer
"Because of this association , St. Michael was considered to be the patron saint of colonial Maryland , and as such was honored by the river being named for him .",1.0,was the patron saint of,said to be the same as
"The show was designed to appear as if the viewer was channel surfing through a multi-channel wasteland , happening upon spoof adverts , short sketches , and recurring show elements .",1.0,was surfing through,platform
"The show was designed to appear as if the viewer was channel surfing through a multi-channel wasteland , happening upon spoof adverts , short sketches , and recurring show elements .",1.0,was happening upon,platform
"The show was designed to appear as if the viewer was channel surfing through a multi-channel wasteland , happening upon spoof adverts , short sketches , and recurring show elements .",1.0,was happening upon recurring,platform
"Dr. Jagan himself was personally involved in the organization of the strike , and helped to raise funds across the country to it .",1.0,was personally involved in,member of
"Dr. Jagan himself was personally involved in the organization of the strike , and helped to raise funds across the country to it .",1.0,involved in the organization of,member of
"Dr. Jagan himself was personally involved in the organization of the strike , and helped to raise funds across the country to it .",1.0,was personally helped to raise,developer
"In 1918 , the municipality was renamed Jones in honor of American congressman William Jones , who authored the Philippine Autonomy Act of 1916 that provided for greater autonomy for the Philippines under American colonial rule .",1.0,was renamed,follows
"In 1918 , the municipality was renamed Jones in honor of American congressman William Jones , who authored the Philippine Autonomy Act of 1916 that provided for greater autonomy for the Philippines under American colonial rule .",1.0,was Jones in,applies to jurisdiction
"In 1918 , the municipality was renamed Jones in honor of American congressman William Jones , who authored the Philippine Autonomy Act of 1916 that provided for greater autonomy for the Philippines under American colonial rule .",1.0,authored the Philippine Autonomy Act of,applies to jurisdiction
"In 1918 , the municipality was renamed Jones in honor of American congressman William Jones , who authored the Philippine Autonomy Act of 1916 that provided for greater autonomy for the Philippines under American colonial rule .",1.0,provided for,main subject
"Instead of ablating the tissue , the laser cuts a portion of the prostate , which is then cut into smaller pieces and flushed with irrigation fluid .",1.0,is ablating,platform
"Instead of ablating the tissue , the laser cuts a portion of the prostate , which is then cut into smaller pieces and flushed with irrigation fluid .",1.0,cuts a portion of,followed by
"Instead of ablating the tissue , the laser cuts a portion of the prostate , which is then cut into smaller pieces and flushed with irrigation fluid .",1.0,is then cut into,has part
"Instead of ablating the tissue , the laser cuts a portion of the prostate , which is then cut into smaller pieces and flushed with irrigation fluid .",1.0,is then flushed with,operating system
"He and his friends were said to have made bombs for fun on the outskirts of Murray , Utah .",1.0,have made bombs for,has part
"A large gravestone was erected in 1866 , over 100 years after his death .",1.0,was erected in,followed by
This led morning show host Ryan Cameron to lobby for a frequency change for WHTA by putting together a petition from listeners at the risk of losing his job under Radio One 's management .,1.0,led Ryan Cameron to,licensed to broadcast to
"The Institut Constant de Rebecque is a Swiss free-market , classical liberal and libertarian think tank founded in January 2005 in Lausanne , named after writer and political philosopher Benjamin Constant .",1.0,was founded in,location of formation
The main reason for this adoption over mainline gimp was its support for high bit depths which can be required for film work .,1.0,can be required for,platform
"The brightest star in Serpens , Alpha Serpentis , or Unukalhai , is a red giant of spectral type K2III located approximately away which marks the snake 's heart .",1.0,is a red giant of,constellation
"This manual for warriors describes the necessity for understanding an opponent 's weaknesses , for using spies , and for striking in moments of weakness .",1.0,describes,has part
"This manual for warriors describes the necessity for understanding an opponent 's weaknesses , for using spies , and for striking in moments of weakness .",1.0,are striking in moments of,characters
"This manual for warriors describes the necessity for understanding an opponent 's weaknesses , for using spies , and for striking in moments of weakness .",1.0,are using,developer
"This manual for warriors describes the necessity for understanding an opponent 's weaknesses , for using spies , and for striking in moments of weakness .",1.0,striking in moments of,has part
"This manual for warriors describes the necessity for understanding an opponent 's weaknesses , for using spies , and for striking in moments of weakness .",1.0,are understanding,has part
It was club policy to promote talent into the senior team that was adopted by Bill Dimovski .,1.0,was adopted by,main subject
"One major difference between the two models is that the Photographic Model follows more of a step-by-step process in the development of flashbulb accounts , whereas the Comprehensive Model demonstrates an interconnected relationship between the variables .",1.0,follows,followed by
"One major difference between the two models is that the Photographic Model follows more of a step-by-step process in the development of flashbulb accounts , whereas the Comprehensive Model demonstrates an interconnected relationship between the variables .",1.0,demonstrates an interconnected relationship between,platform
"That night , 300 soldiers of the 1st SS Battalion were able to reinforce the hotel and defeat several attacks on the building .",1.0,were able to reinforce,military branch
"That night , 300 soldiers of the 1st SS Battalion were able to reinforce the hotel and defeat several attacks on the building .",1.0,defeat several attacks on,participant
"That night , 300 soldiers of the 1st SS Battalion were able to reinforce the hotel and defeat several attacks on the building .",1.0,were able to reinforce,military branch
"His son , John Crozier , Jr. , was an early aviation pioneer who began building a human-powered flying machine in the 1890s , but was killed in a feud in Grainger County before he could complete it .",1.0,began building,developer
"His son , John Crozier , Jr. , was an early aviation pioneer who began building a human-powered flying machine in the 1890s , but was killed in a feud in Grainger County before he could complete it .",1.0,was killed in a feud in,residence
"Arminius , leader of the Cherusci and allies , now had a free hand .",1.0,had,developer
"Arminius , leader of the Cherusci and allies , now had a free hand .",1.0,were leader of,has part
"Arminius , leader of the Cherusci and allies , now had a free hand .",1.0,were leader of,has part
"The culture of Bhutan is fully reflected in the capital city in respect of literature , religion , customs , and national dress code , the monastic practices of the monasteries , music , dance , literature and in the media .",1.0,is fully reflected in,main subject
"The culture of Bhutan is fully reflected in the capital city in respect of literature , religion , customs , and national dress code , the monastic practices of the monasteries , music , dance , literature and in the media .",1.0,is fully reflected in,main subject
"The culture of Bhutan is fully reflected in the capital city in respect of literature , religion , customs , and national dress code , the monastic practices of the monasteries , music , dance , literature and in the media .",1.0,reflected in the capital city in,has part
"The culture of Bhutan is fully reflected in the capital city in respect of literature , religion , customs , and national dress code , the monastic practices of the monasteries , music , dance , literature and in the media .",1.0,reflected in the capital city in,has part
"The culture of Bhutan is fully reflected in the capital city in respect of literature , religion , customs , and national dress code , the monastic practices of the monasteries , music , dance , literature and in the media .",1.0,is fully reflected in,main subject
"The culture of Bhutan is fully reflected in the capital city in respect of literature , religion , customs , and national dress code , the monastic practices of the monasteries , music , dance , literature and in the media .",1.0,reflected in the capital city in,has part
"The culture of Bhutan is fully reflected in the capital city in respect of literature , religion , customs , and national dress code , the monastic practices of the monasteries , music , dance , literature and in the media .",1.0,was the monastic practices of,main subject
"`` My Classical Way '' was released on 21 September 2010 on Marc 's own label , Frazzy Frog Music .",1.0,was released on,record label
"`` My Classical Way '' was released on 21 September 2010 on Marc 's own label , Frazzy Frog Music .",1.0,was released on,record label
"`` My Classical Way '' was released on 21 September 2010 on Marc 's own label , Frazzy Frog Music .",1.0,was released on,record label
"In England and Wales , as an `` attempt '' , attempted murder is an offence under section 1 of the Criminal Attempts Act 1981 and is an indictable offence which carries a maximum penalty of life imprisonment .",1.0,is an offence under,applies to jurisdiction
"In England and Wales , as an `` attempt '' , attempted murder is an offence under section 1 of the Criminal Attempts Act 1981 and is an indictable offence which carries a maximum penalty of life imprisonment .",1.0,carries a maximum penalty of,main subject
Lugo and Lozano were released in 1993 and continue to reside in Venezuela .,1.0,were released in,developer
The school was founded in 1851 as the German-English Academy by a group of Milwaukee German Americans that included educationist Peter Engelmann and hardware wholesaler William Frankfurth .,1.0,was founded in,location of formation
The school was founded in 1851 as the German-English Academy by a group of Milwaukee German Americans that included educationist Peter Engelmann and hardware wholesaler William Frankfurth .,1.0,included,has part
The school was founded in 1851 as the German-English Academy by a group of Milwaukee German Americans that included educationist Peter Engelmann and hardware wholesaler William Frankfurth .,1.0,included,has part
The town and surrounding villages were hit by two moderate earthquakes within ten years .,1.0,were hit by,located on terrain feature
The town and surrounding villages were hit by two moderate earthquakes within ten years .,1.0,were hit by,located on terrain feature
The town and surrounding villages were hit by two moderate earthquakes within ten years .,1.0,were hit by,located on terrain feature
The town and surrounding villages were hit by two moderate earthquakes within ten years .,1.0,were hit by,located on terrain feature
The theatrical flourishes and unique gimmicks she used in her stage show went beyond established burlesque routines like the fan dance and balloon dance .,1.0,went beyond,developer
The theatrical flourishes and unique gimmicks she used in her stage show went beyond established burlesque routines like the fan dance and balloon dance .,1.0,went beyond,developer
The Cathedral and the belfry were thoroughly renovated from 2006 to 2008 .,1.0,were thoroughly renovated from,followed by
The Cathedral and the belfry were thoroughly renovated from 2006 to 2008 .,1.0,were thoroughly renovated from,followed by
"When the band is not touring , Peter Bywaters offers personal English as a second language tuition on a live-in basis at his home in Brighton .",1.0,offers,developer
"These screening activities include : review of group-based data ; hearing , vision , motor , and speech/language screening ; and review by the Special Education administration .",1.0,include,has part
"These screening activities include : review of group-based data ; hearing , vision , motor , and speech/language screening ; and review by the Special Education administration .",1.0,include,has part
"These screening activities include : review of group-based data ; hearing , vision , motor , and speech/language screening ; and review by the Special Education administration .",1.0,include,has part
"These screening activities include : review of group-based data ; hearing , vision , motor , and speech/language screening ; and review by the Special Education administration .",1.0,include,has part
"These screening activities include : review of group-based data ; hearing , vision , motor , and speech/language screening ; and review by the Special Education administration .",1.0,include,has part
"The Nazis did however permit a single dress rehearsal in Salzburg , conducted by Clemens Krauss on 16 August , in order that Strauss and an invited audience could hear the work performed .",1.0,did however permit,follows
"The Nazis did however permit a single dress rehearsal in Salzburg , conducted by Clemens Krauss on 16 August , in order that Strauss and an invited audience could hear the work performed .",1.0,was conducted by Clemens Krauss on,composer
"The Nazis did however permit a single dress rehearsal in Salzburg , conducted by Clemens Krauss on 16 August , in order that Strauss and an invited audience could hear the work performed .",1.0,was conducted by Clemens Krauss on,composer
Sligo town then became an incorporated municipal borough with a Royal Charter issued by the British King James I in 1613/14 .,1.0,was issued by James I in,main subject
Sligo town then became an incorporated municipal borough with a Royal Charter issued by the British King James I in 1613/14 .,1.0,was issued by James I in,main subject
Tom McMorran joined the band in 1994 after Mark Portmann left and in August of that year the band released `` Sahara '' .,1.0,joined,has part
23.8 % of all households were made up of individuals and 13.0 % had someone living alone who was 65 years of age or older .,1.0,were made up of,contains administrative territorial entity
23.8 % of all households were made up of individuals and 13.0 % had someone living alone who was 65 years of age or older .,1.0,were made up of,contains administrative territorial entity
23.8 % of all households were made up of individuals and 13.0 % had someone living alone who was 65 years of age or older .,1.0,had,followed by
23.8 % of all households were made up of individuals and 13.0 % had someone living alone who was 65 years of age or older .,1.0,had,followed by
"Overseas teams would not return to Russia until 1998 , when a youth tournament was held in Moscow .",1.0,return to,participating team
"Overseas teams would not return to Russia until 1998 , when a youth tournament was held in Moscow .",1.0,was held in,location
"The British Army had been shown to be overstretched by the Crimean War , while the mutiny in India had led to the responsibility for providing a garrison in the subcontinent from the Honourable East India Company to the Crown forces .",1.0,had led to,follows
"The British Army had been shown to be overstretched by the Crimean War , while the mutiny in India had led to the responsibility for providing a garrison in the subcontinent from the Honourable East India Company to the Crown forces .",1.0,was providing a garrison in,military branch
"The British Army had been shown to be overstretched by the Crimean War , while the mutiny in India had led to the responsibility for providing a garrison in the subcontinent from the Honourable East India Company to the Crown forces .",1.0,was providing a garrison in,military branch
The ninth leaf contains a circular world map measuring in circumference .,1.0,contains,has part
The ninth leaf contains a circular world map measuring in circumference .,1.0,is measuring in,operating system
"It hosts the `` Zomercarnaval '' , the second largest Caribbean carnival in Europe , originally called the Antillean carnival .",1.0,called,platform
The power cepstrum of a signal is defined as the squared magnitude of the inverse Fourier transform of the logarithm of the squared magnitude of the Fourier transform of a signal .,1.0,is defined as,followed by
"Many lodge members , youth and adult , are active staff members of both Scout and Cub Scout camps .",1.0,are active staff members of,has part
"For patients who do not recover quickly , the protocol also includes support groups and/or psychotherapy .",1.0,includes,has part
"Hofmann was born in Salt Lake City , Utah .",1.0,was born in,residence
"In 1962 , Salahuddin won from Patharghatti assembly seat as an Independent candidate and later from Charminar constituency in 1967 .",1.0,won from,successful candidate
"Around the `` triangle area , '' which includes Quanzhou , Xiamen and Zhangzhou , locals all speak Minnan languages .",1.0,includes,has part
"Though this time , the Brumbies won , 47 to 38 in front of a record crowd at Canberra Stadium .",1.0,won,participating team
A different judge then ordered the case reviewed by a higher court .,1.0,ordered,main subject
A different judge then ordered the case reviewed by a higher court .,1.0,was reviewed by,main subject
"For liquid-packed vessels , thermal relief valves are generally characterized by the relatively small size of the valve necessary to provide protection from excess pressure caused by thermal expansion .",1.0,are generally characterized by,has part
"For liquid-packed vessels , thermal relief valves are generally characterized by the relatively small size of the valve necessary to provide protection from excess pressure caused by thermal expansion .",1.0,was caused by,follows
"Callaghan 's decision on the Japanese pilot 's funeral in 1945 would receive praise years later , although a memorial service aboard the `` Missouri '' in April 2001 attracted controversy .",1.0,attracted,winner
"The RSNO 's base is at Henry Wood Hall in Glasgow and is also used as its recording venue ; a new base is being constructed within the Royal Concert Hall , Buchanan Street .",1.0,is at Henry Wood Hall in,location of formation
"The RSNO 's base is at Henry Wood Hall in Glasgow and is also used as its recording venue ; a new base is being constructed within the Royal Concert Hall , Buchanan Street .",1.0,is also used as,operator
"The RSNO 's base is at Henry Wood Hall in Glasgow and is also used as its recording venue ; a new base is being constructed within the Royal Concert Hall , Buchanan Street .",1.0,is being constructed within,has part
The 2005 model introduced a third row of seats to the Pathfinder line for the first time .,1.0,introduced a third row of,platform
The 2005 model introduced a third row of seats to the Pathfinder line for the first time .,1.0,introduced a third row of,platform
The district also provides recreation and leisure services to many non-residents of the area on a fee basis .,1.0,provides,follows
The very ease of acquiring Esperanto might even accelerate the process .,1.0,accelerate,platform
"The RSNO also performs throughout Scotland , at such venues as the Glasgow Royal Concert Hall , Usher Hall , Caird Hall , Aberdeen Music Hall , Perth Concert Hall and Eden Court Inverness .",1.0,performs throughout,location of formation
"Five years later , Alvarez was reunited with his family in New York and his father was able to start a business in Hoboken , New Jersey .",1.0,was reunited with,has part
"Five years later , Alvarez was reunited with his family in New York and his father was able to start a business in Hoboken , New Jersey .",1.0,was reunited with,has part
"Five years later , Alvarez was reunited with his family in New York and his father was able to start a business in Hoboken , New Jersey .",1.0,was able to start,developer
"Five years later , Alvarez was reunited with his family in New York and his father was able to start a business in Hoboken , New Jersey .",1.0,start a business in,developer
The Anti-Monitor began to siphon the positive matter of New York City to create his Antimatter waves .,1.0,began to siphon,developer
The Anti-Monitor began to siphon the positive matter of New York City to create his Antimatter waves .,1.0,siphon the positive matter of,developer
The Anti-Monitor began to siphon the positive matter of New York City to create his Antimatter waves .,1.0,create,developer
These tracks have subsequently been included on CD reissues of the album `` The Plan '' .,1.0,have subsequently been included on,followed by
These tracks have subsequently been included on CD reissues of the album `` The Plan '' .,1.0,been included on CD reissues of,followed by
"Davis released about 25 singles during his seven years with Dakar , most of them big R&B sellers produced by Willie Henderson .",1.0,released,performer
"Davis released about 25 singles during his seven years with Dakar , most of them big R&B sellers produced by Willie Henderson .",1.0,produced by,record label
"In 2010 , popular internet reviewers RedLetterMedia delivered a scathing video critique of the film , drawing negative comparisons to The Three Stooges , Looney Tunes , and `` Home Alone '' .",1.0,delivered a scathing video critique of,developer
"In 2010 , popular internet reviewers RedLetterMedia delivered a scathing video critique of the film , drawing negative comparisons to The Three Stooges , Looney Tunes , and `` Home Alone '' .",1.0,was drawing,developer
These skills were readily proven when squadrons and personnel were mobilized and recalled back to active duty during the Korean War and the Berlin Crisis .,1.0,recalled back to,military branch
"The doctor , Erasistratus , suspects love is behind Antiochus 's suffering .",1.0,suspects,has part
"The Lletty Shenkin explosion of 1849 , in particular , led to demands the local middle classes in Aberdare , for improved safety in the mines .",1.0,led to,follows
"In 1717 Lady Mary Wortley Montagu observed the practice in Istanbul and attempted to popularize it in Britain , but encountered considerable resistance .",1.0,observed,has part
"In 1717 Lady Mary Wortley Montagu observed the practice in Istanbul and attempted to popularize it in Britain , but encountered considerable resistance .",1.0,encountered,platform
"The two companies are teaming up again for the Future Vertical Lift prototype called SB-1 Defiant , where employees from both companies will work together .",1.0,are teaming,developer
"The film uses some computer-generated graphics : The northern lights in the scene where Inge walks through the fields to Olaf 's house to take a bath , and , later in the film , the geese flying over Olaf 's house .",1.0,uses,platform
"The film uses some computer-generated graphics : The northern lights in the scene where Inge walks through the fields to Olaf 's house to take a bath , and , later in the film , the geese flying over Olaf 's house .",1.0,walks through the fields to,characters
"The film uses some computer-generated graphics : The northern lights in the scene where Inge walks through the fields to Olaf 's house to take a bath , and , later in the film , the geese flying over Olaf 's house .",1.0,walks through the fields to,characters
"Legislation sponsored by Sweeney and signed into law provides state pensions to surviving family members of police , firefighters and emergency services workers who die in the line of duty , as well as the law that removes the remarriage prohibition to receive death benefits for spouses of police officers and firefighters killed while serving the public good .",1.0,sponsored by,applies to jurisdiction
"Legislation sponsored by Sweeney and signed into law provides state pensions to surviving family members of police , firefighters and emergency services workers who die in the line of duty , as well as the law that removes the remarriage prohibition to receive death benefits for spouses of police officers and firefighters killed while serving the public good .",1.0,signed into,main subject
"Legislation sponsored by Sweeney and signed into law provides state pensions to surviving family members of police , firefighters and emergency services workers who die in the line of duty , as well as the law that removes the remarriage prohibition to receive death benefits for spouses of police officers and firefighters killed while serving the public good .",1.0,provides state pensions to,main subject
"Legislation sponsored by Sweeney and signed into law provides state pensions to surviving family members of police , firefighters and emergency services workers who die in the line of duty , as well as the law that removes the remarriage prohibition to receive death benefits for spouses of police officers and firefighters killed while serving the public good .",1.0,removes the remarriage prohibition to,main subject
"Legislation sponsored by Sweeney and signed into law provides state pensions to surviving family members of police , firefighters and emergency services workers who die in the line of duty , as well as the law that removes the remarriage prohibition to receive death benefits for spouses of police officers and firefighters killed while serving the public good .",1.0,receive death benefits for,main subject
"Legislation sponsored by Sweeney and signed into law provides state pensions to surviving family members of police , firefighters and emergency services workers who die in the line of duty , as well as the law that removes the remarriage prohibition to receive death benefits for spouses of police officers and firefighters killed while serving the public good .",1.0,die in the line of,main subject
"Legislation sponsored by Sweeney and signed into law provides state pensions to surviving family members of police , firefighters and emergency services workers who die in the line of duty , as well as the law that removes the remarriage prohibition to receive death benefits for spouses of police officers and firefighters killed while serving the public good .",1.0,die in the line of,main subject
"The first single , `` Dreamer , '' features performances by keyboardist Philippe Saisse , and vocalists Jasmine Roy and Rebeca Vega .",1.0,is performances by,performer
Both companies are allies of Navigation Mixte in its fight against a hostile takeover bid launched last week by Cie .,1.0,are allies of,developer
Both companies are allies of Navigation Mixte in its fight against a hostile takeover bid launched last week by Cie .,1.0,are allies of,developer
Both companies are allies of Navigation Mixte in its fight against a hostile takeover bid launched last week by Cie .,1.0,was launched last week by,developer
Both companies are allies of Navigation Mixte in its fight against a hostile takeover bid launched last week by Cie .,1.0,was launched last week by,developer
"Salomon Brothers says , `` We believe the real estate properties would trade at a discount ... after the realty unit is spun off ... .",1.0,would trade at,developer
"However , Paul Johanson , Monsanto 's director of plant sciences , said the company 's chemical spray overcomes these problems and is `` gentle on the female organ . ''",1.0,overcomes,platform
Bioengineers set out to duplicate that feat -- scientifically and commercially -- with new life forms .,1.0,duplicate,developer
"The machine can run software written for other Mips computers , the company said .",1.0,can run,operating system
President Bush said that three members of his cabinet will lead a presidential mission to Poland to gauge how the U.S. can help the new non - Communist government 's economic changes .,1.0,will lead,follows
"Stephen McCartin , Mr. Hunt 's attorney , said his client welcomed the gamble .",1.0,welcomed,developer
One group of middle - aged manufacturing men from the company 's Zama plant outside Tokyo was supposed to check out a trendy restaurant in the city .,1.0,was supposed to check,has part
"Boyer and Cohen , for instance , both still university researchers , had to be talked into applying for a patent on their gene - splicing technique -- and then the Patent Office refused to grant it .",1.0,be talked into applying,developer
"His recent appearance at the Metropolitan Museum , dubbed `` A Musical Odyssey , '' was a case in point .",1.0,was a case in,platform
"His recent appearance at the Metropolitan Museum , dubbed `` A Musical Odyssey , '' was a case in point .",1.0,was dubbed,developer
"The brokerage firm tracks technology stocks with its Technology Index , which appreciated only 10.59 % in the first nine months of this year .",1.0,tracks,operating system
"The brokerage firm tracks technology stocks with its Technology Index , which appreciated only 10.59 % in the first nine months of this year .",1.0,appreciated,follows
"We finally rendezvoused with our balloon , which had come to rest on a dirt road amid a clutch of Epinalers who watched us disassemble our craft -- another half - an - hour of non - flight activity -- that included the precision routine of yanking the balloon to the ground , punching all the air out of it , rolling it up and cramming it and the basket into the trailer .",1.0,included the precision routine of,participant
A federation official attributed the decline to brisk demand from domestic industries backed by continuing economic expansion in Japan .,1.0,attributed,developer
A federation official attributed the decline to brisk demand from domestic industries backed by continuing economic expansion in Japan .,1.0,were backed by continuing,developer
"But it could also help American companies , which also are starting to try to open the market .",1.0,open,platform
A company spokesman did n't know Mr. Wakeman 's age .,1.0,did n't know,operating system
"The offering , Series 109 , is backed by Freddie Mac 10 % securities .",1.0,is backed by,owned by
The 10.48 % yield represents a spread to the 20 - year Treasury of 2.45 percentage points .,1.0,represents,followed by
"New York bonds , which have been hammered in recent weeks on the pending supply and reports that the city 's economy is growing weaker , rose 1\/2 point yesterday .",1.0,rose,follows
"New York bonds , which have been hammered in recent weeks on the pending supply and reports that the city 's economy is growing weaker , rose 1\/2 point yesterday .",1.0,have been hammered in,follows
"New York bonds , which have been hammered in recent weeks on the pending supply and reports that the city 's economy is growing weaker , rose 1\/2 point yesterday .",1.0,have been hammered in,follows
Four other countries in Europe have approved Proleukin in recent months .,1.0,have approved Proleukin in,operating system
Four other countries in Europe have approved Proleukin in recent months .,1.0,have approved Proleukin in,operating system
General Dynamics Corp. was given an $ 843 million Air Force contract for F - 16 aircraft and related equipment .,1.0,was given,developer
The divested Courtaulds textile operations had operating profit of # 50 million on # 980 million in revenue in the year ended March 31 .,1.0,had operating profit of,followed by
The divested Courtaulds textile operations had operating profit of # 50 million on # 980 million in revenue in the year ended March 31 .,1.0,had operating profit of,followed by
The divested Courtaulds textile operations had operating profit of # 50 million on # 980 million in revenue in the year ended March 31 .,1.0,was ended,follows
"A Coca - Cola spokesman said it is too early to say how the joint venture would be structured , or how much the company would invest in the transaction .",1.0,would invest in,owned by
We just want a plan that satisfies creditors and at the end leaves a healthy Revco . '',1.0,satisfies,platform
We just want a plan that satisfies creditors and at the end leaves a healthy Revco . '',1.0,leaves,platform
Some have been training for months ; others only recently left active status .,1.0,left,developer
The problem is that Japanese businesses make decisions with a view well beyond the coming months that weigh so heavily on Mr. Salinas .,1.0,make,developer
The problem is that Japanese businesses make decisions with a view well beyond the coming months that weigh so heavily on Mr. Salinas .,1.0,weigh so heavily on,has part
"A Ford spokesman said the Dearborn , Mich. , auto maker is n't aware of any injuries caused by the windshield problem .",1.0,is n't aware of,developer
"A Ford spokesman said the Dearborn , Mich. , auto maker is n't aware of any injuries caused by the windshield problem .",1.0,were caused by,main subject
"More big Japanese investors are buying U.S. mortgage - backed securities , reversing a recent trend .",1.0,are buying,platform
"More big Japanese investors are buying U.S. mortgage - backed securities , reversing a recent trend .",1.0,reversing,platform
"An alternative and more convincing explanation , confirmed by recent events and a close inspection of the Gorbachev program , is that the new Soviet economic and social structures are intended to conform to a model other than that of the market .",1.0,are confirmed by,developer
"An alternative and more convincing explanation , confirmed by recent events and a close inspection of the Gorbachev program , is that the new Soviet economic and social structures are intended to conform to a model other than that of the market .",1.0,are confirmed by,developer
"Earlier this year , President Bush made a final `` take - it - or - leave it '' offer on the minimum wage : an increase to $ 4.25 an hour over three years , and only if accompanied by a lower wage for the first six months of a job .",1.0,made,platform
"Earlier this year , President Bush made a final `` take - it - or - leave it '' offer on the minimum wage : an increase to $ 4.25 an hour over three years , and only if accompanied by a lower wage for the first six months of a job .",1.0,made,platform
"For owners who have followed the recommended oil maintenance schedule , Mazda will extend to five years or 60,000 miles the warranty term for engine damage due to abnormal engine oil deterioration .",1.0,will extend to,has part
"For owners who have followed the recommended oil maintenance schedule , Mazda will extend to five years or 60,000 miles the warranty term for engine damage due to abnormal engine oil deterioration .",1.0,will extend to,has part
"For owners who have followed the recommended oil maintenance schedule , Mazda will extend to five years or 60,000 miles the warranty term for engine damage due to abnormal engine oil deterioration .",1.0,will extend to,has part
"For owners who have followed the recommended oil maintenance schedule , Mazda will extend to five years or 60,000 miles the warranty term for engine damage due to abnormal engine oil deterioration .",1.0,have followed,platform
"The New York City issue included $ 757 million of tax - exempt bonds priced to yield between 6.50 % to 7.88 % , depending on the maturity .",1.0,included,has part
"Their laboratory credentials established , Boyer and Swanson headed for Wall Street in 1980 .",1.0,headed for,developer
Japan 's No. 111 4.6 % bond due 1998 ended the day on brokers screens at 95.11 to yield 5.43 % .,1.0,ended,follows
Armstrong World Industries Inc. agreed in principle to sell its carpet operations to Shaw Industries Inc .,1.0,agreed in,developer
"In stock - index arbitrage , traders buy and sell large amounts of stocks with offsetting trades in stock - index futures and options .",1.0,sell large amounts of,platform
"Interstate / Johnson Lane Inc. this year adds 70 people -- 60 of them in retail -- to its 1,300 - member staff .",1.0,adds,developer
"Interstate / Johnson Lane Inc. this year adds 70 people -- 60 of them in retail -- to its 1,300 - member staff .",1.0,adds,developer
"Interstate / Johnson Lane Inc. this year adds 70 people -- 60 of them in retail -- to its 1,300 - member staff .",1.0,adds,developer
"Interstate / Johnson Lane Inc. this year adds 70 people -- 60 of them in retail -- to its 1,300 - member staff .",1.0,adds,developer
"Interstate / Johnson Lane Inc. this year adds 70 people -- 60 of them in retail -- to its 1,300 - member staff .",1.0,adds,developer
"Interstate / Johnson Lane Inc. this year adds 70 people -- 60 of them in retail -- to its 1,300 - member staff .",1.0,adds,developer
"Trek previously made only traditional road bikes , but `` it did n't take a rocket scientist to change a road bike into a mountain bike , '' says Trek 's president , Dick Burke .",1.0,made,developer
"Charles O. Givens of Mount Vernon , Ind. - investment broker , ex - accountant , and son of a former stable owner - bred Tennessee Walking Horses for six years , raised cattle for four , and never made a profit on either .",1.0,bred,instance of
"Charles O. Givens of Mount Vernon , Ind. - investment broker , ex - accountant , and son of a former stable owner - bred Tennessee Walking Horses for six years , raised cattle for four , and never made a profit on either .",1.0,made,platform
Mr. Baker heads the Kentucky Association of Science Educators and Skeptics .,1.0,heads the Kentucky Association of,notable work
Declining issues outnumbered advancers 551 to 349 ; 224 issues were unchanged .,1.0,outnumbered,followed by
Declining issues outnumbered advancers 551 to 349 ; 224 issues were unchanged .,1.0,outnumbered,followed by
"Moreover , such a sale could help Armstrong reassure its investors and deter the Belzbergs , who own a 9.85 % stake in the Lancaster , Pa. , company .",1.0,reassure,platform
"Moreover , such a sale could help Armstrong reassure its investors and deter the Belzbergs , who own a 9.85 % stake in the Lancaster , Pa. , company .",1.0,deter,developer
"Moreover , such a sale could help Armstrong reassure its investors and deter the Belzbergs , who own a 9.85 % stake in the Lancaster , Pa. , company .",1.0,own,developer
"He showed up with a carpenter 's level , carefully measured every surface and showed how the apparent shrinkage was caused by the perspective .",1.0,was caused by,follows
"A cafeteria is also located on the sixth floor , a chapel on the 14th floor , and a study hall on the 15th floor .",1.0,is also located on,location
"A cafeteria is also located on the sixth floor , a chapel on the 14th floor , and a study hall on the 15th floor .",1.0,is also located on,location
"A cafeteria is also located on the sixth floor , a chapel on the 14th floor , and a study hall on the 15th floor .",1.0,is also located on,location
"A cafeteria is also located on the sixth floor , a chapel on the 14th floor , and a study hall on the 15th floor .",1.0,located on a chapel on,part of
"A cafeteria is also located on the sixth floor , a chapel on the 14th floor , and a study hall on the 15th floor .",1.0,located on a chapel on,part of
"A cafeteria is also located on the sixth floor , a chapel on the 14th floor , and a study hall on the 15th floor .",1.0,is also located on,location
"According to Samaritan tradition , however , the Samaritan ethnonym is not derived from the region of Samaria , but from the fact that they were the `` Guardians '' of the true Israelite religion .",1.0,is not derived from,said to be the same as
"According to Samaritan tradition , however , the Samaritan ethnonym is not derived from the region of Samaria , but from the fact that they were the `` Guardians '' of the true Israelite religion .",1.0,derived from the region of,has part
"As a result , the lower river had to be dredged three times in two years .",1.0,be dredged,follows
"As a result , the lower river had to be dredged three times in two years .",1.0,be dredged,follows
"Barbara , however , unable to leave behind her vigilante life , fought a mugger and ultimately miscarried her child .",1.0,fought,has part
Chevalier fulfilled his promise the following year by erecting a shrine dedicated to the honour of Mary under the title of `` Our Lady of the Sacred Heart '' .,1.0,fulfilled,developer
Chevalier fulfilled his promise the following year by erecting a shrine dedicated to the honour of Mary under the title of `` Our Lady of the Sacred Heart '' .,1.0,was erecting,developer
Citizens for Responsibility and Ethics in Washington filed an Ethics Committee complaint against Bond over his role in the ouster of Graves .,1.0,filed,developer
"Due to the transmitter location being based in Tyrone and a smaller signal wattage , it was barely hearable in the northern portions of Atlanta beyond the downtown area or even the northern reaches of Fulton or DeKalb Counties , as it was a rimshot to the southwest of the city .",1.0,was being based in,licensed to broadcast to
"Due to the transmitter location being based in Tyrone and a smaller signal wattage , it was barely hearable in the northern portions of Atlanta beyond the downtown area or even the northern reaches of Fulton or DeKalb Counties , as it was a rimshot to the southwest of the city .",1.0,was being based in,licensed to broadcast to
During the morning and evening rush hours some services run direct to/from Paddington and Reading .,1.0,run,follows
"From the start of the first semester of 2010 , the University banned smoking on any of its property , including inside and outside buildings in areas that were once designated as smoking areas .",1.0,banned,main subject
"From the start of the first semester of 2010 , the University banned smoking on any of its property , including inside and outside buildings in areas that were once designated as smoking areas .",1.0,were once designated as,part of
"He finds himself in a desert as a group of Neo Arcadians surround him , ending the game .",1.0,are ending,platform
"Historically , Aiseau was a village dedicated to agriculture , logging , but also to the industry .",1.0,was dedicated to,has part
"However , when the antigenicities of the seed strains and wild viruses do not match , vaccines fail to protect the vaccinees .",1.0,fail to protect,platform
"If the second excitation pulse is sent prematurely before the relaxation is complete , the average magnetization vector still points in a nonparallel direction , giving suboptimal absorption and emission of the pulse .",1.0,points in,has part
"If the second excitation pulse is sent prematurely before the relaxation is complete , the average magnetization vector still points in a nonparallel direction , giving suboptimal absorption and emission of the pulse .",1.0,is giving,followed by
"In 1972 , researchers found metallic conductivity in the charge-transfer complex TTF-TCNQ .",1.0,found,follows
"In 2007 , Sun announced `` Project Indiana '' with several goals , including providing an open source binary distribution of the OpenSolaris project , replacing SXDE .",1.0,announced,developer
"In 2007 , Sun announced `` Project Indiana '' with several goals , including providing an open source binary distribution of the OpenSolaris project , replacing SXDE .",1.0,announced,developer
"In 2007 , Sun announced `` Project Indiana '' with several goals , including providing an open source binary distribution of the OpenSolaris project , replacing SXDE .",1.0,was replacing,followed by
"In 2010 , scam websites co-opted a photograph of her to promote health treatments , the ubiquitous `` 1 weird old tip '' belly fat diets , and penny auctions , unauthorized usage of which Theuriau was initially unaware .",1.0,co-opted a photograph of,developer
"In 2010 , scam websites co-opted a photograph of her to promote health treatments , the ubiquitous `` 1 weird old tip '' belly fat diets , and penny auctions , unauthorized usage of which Theuriau was initially unaware .",1.0,was initially unaware was,developer
"In Canada , there are two organizations that regulate university and collegiate athletics .",1.0,regulate,applies to jurisdiction
"In a news post , Holkins stated that he reserved the right to bring Carl back any time Krahulik goes to France .",1.0,goes to,developer
"In a typical case of substrate interference , a Language A occupies a given territory and another Language B arrives in the same territory .",1.0,occupies,has part
"In a typical case of substrate interference , a Language A occupies a given territory and another Language B arrives in the same territory .",1.0,arrives in,followed by
"In fact , Condon , after seeing Hauptmann in a lineup at New York Police Department Greenwich Street Station told FBI Special Agent Turrou that Hauptmann was not `` John , '' the man to whom Condon claimed he passed the ransom money to in St. Raymond 's Cemetery .",1.0,was seeing Hauptmann in,has part
"In fact , Condon , after seeing Hauptmann in a lineup at New York Police Department Greenwich Street Station told FBI Special Agent Turrou that Hauptmann was not `` John , '' the man to whom Condon claimed he passed the ransom money to in St. Raymond 's Cemetery .",1.0,was seeing Hauptmann in,has part
"In order to support planned TRAX expansion , UTA ordered 77 Siemens S70 light rail vehicles from Siemens AG .",1.0,ordered,follows
"Keats 's long and expensive medical training with Hammond and at Guy 's Hospital led his family to assume he would pursue a lifelong career in medicine , assuring financial security , and it seems that at this point Keats had a genuine desire to become a doctor .",1.0,led,developer
"Keats 's long and expensive medical training with Hammond and at Guy 's Hospital led his family to assume he would pursue a lifelong career in medicine , assuring financial security , and it seems that at this point Keats had a genuine desire to become a doctor .",1.0,were assuring,developer
"Kim graduated from Ballard High School in Louisville , Kentucky , in 1989 and from Oberlin College in Ohio in 1993 where he double-majored in Government and English and played for the varsity lacrosse team .",1.0,graduated from Ballard High School in,has part
"Lemmy believes that if Will Reid Dick had not been there , they could have worked through the problems , but ended up exchanging a few words and Clarke left the studio .",1.0,left,has part
"Males had a median income of $ 36,016 versus $ 32,679 for females .",1.0,had a median income of,sibling
"Models , taking into account the size and room number of the barrack blocks in the Gorgan Wall forts and likely occupation density , produce figures between 15,000 and 36,000 soldiers .",1.0,produce figures between,followed by
"Models , taking into account the size and room number of the barrack blocks in the Gorgan Wall forts and likely occupation density , produce figures between 15,000 and 36,000 soldiers .",1.0,blocks in,has part
Modernity has been blended without sacrificing on the traditional Buddhist ethos .,1.0,has been blended without sacrificing,followed by
"Originally , Hank McCoy retains the basic features of a normal human alongside a generally simian physiology equivalent to that of a Great Ape .",1.0,retains the basic features of,platform
"Originally , Hank McCoy retains the basic features of a normal human alongside a generally simian physiology equivalent to that of a Great Ape .",1.0,retains the basic features of,platform
Pakistan Chrome Mines Ltd. is a mining company incorporated in the Islamic Republic of Pakistan .,1.0,was incorporated in the Islamic Republic of,owned by
Parental investment is any expenditure of resources to benefit one offspring .,1.0,is any expenditure of,followed by
"Plants have been planted marking parts of the foundations of the castle , so the positions of some of the buildings can still be inferred .",1.0,have been planted marking parts of,followed by
"Scarpetta returns to Virginia in `` Trace '' , convincing herself that she was fired from her position , at the request of her replacement , Dr. Joel Marcus .",1.0,returns to,platform
"Shea was born on September 5 , 1900 in San Francisco , California .",1.0,was born on,sibling
"Superboy-Prime , seeing an opportunity to defeat the now-weakened Anti-Monitor , flew through the Anti-Monitor 's chest and hurled his shattered body into space .",1.0,flew through,has part
"Superboy-Prime , seeing an opportunity to defeat the now-weakened Anti-Monitor , flew through the Anti-Monitor 's chest and hurled his shattered body into space .",1.0,flew through,has part
"Superboy-Prime , seeing an opportunity to defeat the now-weakened Anti-Monitor , flew through the Anti-Monitor 's chest and hurled his shattered body into space .",1.0,hurled,has part
The 2nd Battalion of the 13th Light Infantry was raised at Winchester in January 1858 .,1.0,was raised at,headquarters location
"The Bureau of Alcohol , Tobacco , Firearms and Explosives , formed in 1886 , is a federal law enforcement organization within the United States Department of Justice .",1.0,is a federal law enforcement organization within,subsidiary
"The Bureau of Alcohol , Tobacco , Firearms and Explosives , formed in 1886 , is a federal law enforcement organization within the United States Department of Justice .",1.0,is formed in,subsidiary
"The CRZ was organized by the Nepal and Indian members of the Naxalite movement , in a meeting at Siliguri in the Indian State of West Bengal during August 2001 .",1.0,was organized by,publisher
"The Steinbrenner family added a monument to Monument Park on September 20 , 2010 to honor Steinbrenner .",1.0,added,developer
"The Summer Programs Office runs these programs , and many Wardlaw-Hartridge Students attend camp or classes over the summer .",1.0,runs,operating system
"The Summer Programs Office runs these programs , and many Wardlaw-Hartridge Students attend camp or classes over the summer .",1.0,attend,developer
The Triple-A Baseball National Championship Game was established in 2006 .,1.0,was established in,league
The Wilbur Cross Highway formerly ended in Sturbridge ; locals sometimes call Haynes Street and portions of Mashapaug Road `` Old Route 15 '' .,1.0,ended in,has part
The Wilbur Cross Highway formerly ended in Sturbridge ; locals sometimes call Haynes Street and portions of Mashapaug Road `` Old Route 15 '' .,1.0,call,operating system
The Wilbur Cross Highway formerly ended in Sturbridge ; locals sometimes call Haynes Street and portions of Mashapaug Road `` Old Route 15 '' .,1.0,call portions of,follows
The canal was dammed off from the river for most of the construction period .,1.0,was dammed,followed by
"The city was founded by the Western Town Lot Company in 1880 , and originally named Nordland , with the platted streets given Norwegian names .",1.0,was founded by the Western Town Lot Company in,headquarters location
"The city was founded by the Western Town Lot Company in 1880 , and originally named Nordland , with the platted streets given Norwegian names .",1.0,was founded by the Western Town Lot Company in,headquarters location
"The city was founded by the Western Town Lot Company in 1880 , and originally named Nordland , with the platted streets given Norwegian names .",1.0,was named,located in the administrative territorial entity
"The city was founded by the Western Town Lot Company in 1880 , and originally named Nordland , with the platted streets given Norwegian names .",1.0,were given,has part
The community is served by the United States Postal Service Hinsdale Post Office .,1.0,is served by,headquarters location
"The ensemble also has extensive recordings with Deutsche Grammophon , Dorian Recordings , Newport Classic , Navona Records , and under their own label .",1.0,has extensive recordings with,record label
The failure of 1st Armored to arrive intact and deploy as a single entity would have important consequences in later action against German forces in Tunisia .,1.0,would have important consequences in,follows
The failure of 1st Armored to arrive intact and deploy as a single entity would have important consequences in later action against German forces in Tunisia .,1.0,would have important consequences in,follows
The first five laps would be added to the second part of the race and the overall result would be decided on aggregate .,1.0,would be added to,followed by
The first five laps would be added to the second part of the race and the overall result would be decided on aggregate .,1.0,would be decided on,has part
"The following tour featured extensive dates in East Asia , where the group played Tokyo , Osaka , Fukuoka , and Southeast Asia including Jakarta , Manila as well as Singapore and Guam .",1.0,featured,performer
"The following tour featured extensive dates in East Asia , where the group played Tokyo , Osaka , Fukuoka , and Southeast Asia including Jakarta , Manila as well as Singapore and Guam .",1.0,played,participant
"The following tour featured extensive dates in East Asia , where the group played Tokyo , Osaka , Fukuoka , and Southeast Asia including Jakarta , Manila as well as Singapore and Guam .",1.0,played,participant
"The following tour featured extensive dates in East Asia , where the group played Tokyo , Osaka , Fukuoka , and Southeast Asia including Jakarta , Manila as well as Singapore and Guam .",1.0,played,participant
"The following tour featured extensive dates in East Asia , where the group played Tokyo , Osaka , Fukuoka , and Southeast Asia including Jakarta , Manila as well as Singapore and Guam .",1.0,played,participant
The insurer sponsored the golf tournament known as the New Orleans Open beginning in 1981 .,1.0,sponsored,owned by
The insurer sponsored the golf tournament known as the New Orleans Open beginning in 1981 .,1.0,was known as,developer
"The lodge is open from mid-May to mid-October , with two weeks starting in the end of August reserved for the Dartmouth First-Year Trips .",1.0,is open from,has part
"The lodge is open from mid-May to mid-October , with two weeks starting in the end of August reserved for the Dartmouth First-Year Trips .",1.0,were starting in the end of,platform
"The lodge is open from mid-May to mid-October , with two weeks starting in the end of August reserved for the Dartmouth First-Year Trips .",1.0,was reserved for,platform
The pillars in a line on its both sides are according to Doric or Greek style and their decorations are according to the Meenakshi Temple at Madurai in Tamil Nadu .,1.0,are according to the Meenakshi Temple at,has part
"The race is in mixed eights , and usually held in late February / early March .",1.0,held in,location
The rapids at the head of the South Fork were removed in 1908 .,1.0,were removed in,followed by
"The redesigned 2006 Ram SRT-10 came in Mineral Gray Metallic , Inferno Red , and Brilliant Black Crystal Clear Coat .",1.0,came in,followed by
The residue can be reprocessed for more dripping and strained through a cheesecloth lined sieve as an ingredient for a fine beef stock .,1.0,can be strained through,follows
The residue can be reprocessed for more dripping and strained through a cheesecloth lined sieve as an ingredient for a fine beef stock .,1.0,was lined sieve as,follows
The residue can be reprocessed for more dripping and strained through a cheesecloth lined sieve as an ingredient for a fine beef stock .,1.0,was lined sieve as,follows
"The rest of the group reach a small shop , where Brady attempts to phone the Sheriff , but the crocodile breaks through a wall and devours Annabelle .",1.0,reach,developer
"The rest of the group reach a small shop , where Brady attempts to phone the Sheriff , but the crocodile breaks through a wall and devours Annabelle .",1.0,attempts to phone,has part
"The rest of the group reach a small shop , where Brady attempts to phone the Sheriff , but the crocodile breaks through a wall and devours Annabelle .",1.0,devours,characters
"The rest of the group reach a small shop , where Brady attempts to phone the Sheriff , but the crocodile breaks through a wall and devours Annabelle .",1.0,breaks through,has part
"The riders climbed off and began walking , shouting protests in general and in particular abuse at the race doctor , Pierre Dumas , whom some demanded should also take a test to see if he 'd been drinking wine or taking aspirin to make his own job easier .",1.0,shouting,has part
"The riders climbed off and began walking , shouting protests in general and in particular abuse at the race doctor , Pierre Dumas , whom some demanded should also take a test to see if he 'd been drinking wine or taking aspirin to make his own job easier .",1.0,taking aspirin to,platform
The station has a concourse and ticket office area which was internally redesigned and reopened in mid-2012 .,1.0,has,has part
The station has a concourse and ticket office area which was internally redesigned and reopened in mid-2012 .,1.0,was internally redesigned and reopened in,followed by
"The third known version is part number 2189014-00-212 , with at least one model being produced in February 1993 .",1.0,was being produced in,manufacturer
"Then the fillets are put in a mix of olive oil , vinegar , sugar , garlic , chill peppers , and lots of parsley or celery .",1.0,are put in a mix of,followed by
"There were 47,604 households out of which 35.00 % had children under the age of 18 living with them , 56.30 % were married couples living together , 7.50 % had a female householder with no husband present , and 32.50 % were non-families .",1.0,had children under,child
"There were 47,604 households out of which 35.00 % had children under the age of 18 living with them , 56.30 % were married couples living together , 7.50 % had a female householder with no husband present , and 32.50 % were non-families .",1.0,were married,spouse
"There were 47,604 households out of which 35.00 % had children under the age of 18 living with them , 56.30 % were married couples living together , 7.50 % had a female householder with no husband present , and 32.50 % were non-families .",1.0,had a female householder with,participant of
"There were 47,604 households out of which 35.00 % had children under the age of 18 living with them , 56.30 % were married couples living together , 7.50 % had a female householder with no husband present , and 32.50 % were non-families .",1.0,had a female householder with,participant of
"These were often related to European conflict , as the Stuart Pretenders were aided and encouraged by Britain 's continental enemies for their own ends .",1.0,were aided and encouraged by,has part
"These were often related to European conflict , as the Stuart Pretenders were aided and encouraged by Britain 's continental enemies for their own ends .",1.0,were aided and encouraged by,has part
This engine was equipped with an electronically controlled carburetor .,1.0,was equipped with,follows
"When civilian government was introduced in Romblon by the Americans in 16 March 1901 , Banton was one of 11 new municipalities reinstated or created .",1.0,was one of,followed by
"When civilian government was introduced in Romblon by the Americans in 16 March 1901 , Banton was one of 11 new municipalities reinstated or created .",1.0,was introduced in,platform
"When civilian government was introduced in Romblon by the Americans in 16 March 1901 , Banton was one of 11 new municipalities reinstated or created .",1.0,was introduced in,platform
"With no assigned task , the Cosmos expressed concern for what Battra might do .",1.0,expressed concern for,developer
"Although Heathrow authorities have been watching a group of allegedly crooked baggage handlers for some time , the Gauguin may be `` lost . ''",1.0,have been watching a group of,operating system
"Although Heathrow authorities have been watching a group of allegedly crooked baggage handlers for some time , the Gauguin may be `` lost . ''",1.0,have been watching a group of,operating system
"Although Mr. Azoff wo n't produce films at first , it is possible that he could do so later , the sources said .",1.0,produce,developer
"As the London trading session drew to a close , the market was still listening to the parliamentary debate on the economy , with new Chancellor of the Exchequer John Major expected to clarify his approach to the British economy and currency issues .",1.0,was still listening to,operating system
"As the London trading session drew to a close , the market was still listening to the parliamentary debate on the economy , with new Chancellor of the Exchequer John Major expected to clarify his approach to the British economy and currency issues .",1.0,was expected to clarify,publisher
"As the London trading session drew to a close , the market was still listening to the parliamentary debate on the economy , with new Chancellor of the Exchequer John Major expected to clarify his approach to the British economy and currency issues .",1.0,drew to,follows
"As the London trading session drew to a close , the market was still listening to the parliamentary debate on the economy , with new Chancellor of the Exchequer John Major expected to clarify his approach to the British economy and currency issues .",1.0,was new Chancellor of,head of government
"Because patients require less attention from nurses and other staff , room charges are lower -- about $ 100 less per day than a regular room at the Vermont hospital .",1.0,require,main subject
"Considered as a whole , Mr. Lane said , the filings required under the proposed rules `` will be at least as effective , if not more so , for investors following transactions . ''",1.0,required under,follows
"Considered as a whole , Mr. Lane said , the filings required under the proposed rules `` will be at least as effective , if not more so , for investors following transactions . ''",1.0,required under,follows
"Crouched at shortstop , Bert Campaneris , once Oakland 's master thief , effortlessly scoops up a groundball and flips it to second .",1.0,is crouched at,part of
"Crouched at shortstop , Bert Campaneris , once Oakland 's master thief , effortlessly scoops up a groundball and flips it to second .",1.0,scoops,has part
"Despite the modest gains , traders said the market remains dull , with investors remaining cautiously on the sidelines .",1.0,are remaining cautiously on,platform
"Edison Brothers Stores Inc. said it agreed to buy 229 Foxmoor women 's apparel stores from Foxmoor Specialty Stores Corp. , a unit of Dylex Ltd. of Toronto .",1.0,were a unit of,owned by
Few people in the advertising business have raised as many hackles as Alvin A. Achenbaum .,1.0,have raised as,developer
"For example , a passenger can fly from Chardon , Neb. , to Denver for as little as $ 89 to $ 109 , according to prices quoted by the company .",1.0,can fly from,operating system
"For example , a passenger can fly from Chardon , Neb. , to Denver for as little as $ 89 to $ 109 , according to prices quoted by the company .",1.0,were quoted by,publisher
"Hani Zayadi was appointed president and chief executive officer of this financially troubled department store chain , effective Nov. 15 , succeeding Frank Robertson , who is retiring early .",1.0,was appointed,successful candidate
"Hani Zayadi was appointed president and chief executive officer of this financially troubled department store chain , effective Nov. 15 , succeeding Frank Robertson , who is retiring early .",1.0,were succeeding,followed by
Hungary 's Parliament voted to hold a national referendum on an election to fill the new post of president .,1.0,voted to hold,applies to jurisdiction
"In Japan , those functions account for only about a third of the software market .",1.0,account for,platform
"It was the most active of the 100 - share index at 8.3 million shares , 6.5 million of which were traded by midday .",1.0,were traded by,owned by
Japanese office workers use PCs at half the rate of their European counterparts and one - third that of the Americans .,1.0,use,operating system
Labor costs are climbing at a far more rapid pace in the health care industry than in other industries .,1.0,are climbing at,platform
Labor costs are climbing at a far more rapid pace in the health care industry than in other industries .,1.0,are climbing at,platform
"Meanwhile , at home , Mitsubishi has control of some major projects .",1.0,has control of,developer
"Medical cooperatives , among the most successful in the U.S.S.R. , are banned from providing general - practitioner services ( their main source of income ) , carrying out surgery , and treating cancer patients , drug addicts and pregnant women .",1.0,are banned from providing,developer
"Medical cooperatives , among the most successful in the U.S.S.R. , are banned from providing general - practitioner services ( their main source of income ) , carrying out surgery , and treating cancer patients , drug addicts and pregnant women .",1.0,-LRB-,developer
"Medical cooperatives , among the most successful in the U.S.S.R. , are banned from providing general - practitioner services ( their main source of income ) , carrying out surgery , and treating cancer patients , drug addicts and pregnant women .",1.0,-LRB-,developer
"Medical cooperatives , among the most successful in the U.S.S.R. , are banned from providing general - practitioner services ( their main source of income ) , carrying out surgery , and treating cancer patients , drug addicts and pregnant women .",1.0,-LRB-,developer
Mr. Ridley 's decision fires the starting pistol for perhaps a costly contest between the world 's auto giants for Britain 's leading luxury - car maker .,1.0,fires the starting pistol for,platform
Mr. Ridley 's decision fires the starting pistol for perhaps a costly contest between the world 's auto giants for Britain 's leading luxury - car maker .,1.0,fires the starting pistol for,platform
Mr. Stoll suspected the intruder was one of those precocious students who has fun breaking into computers .,1.0,has,developer
Mr. Stoll suspected the intruder was one of those precocious students who has fun breaking into computers .,1.0,is breaking into,platform
"Prime Minister Lee Kuan Yew , Singapore 's leader and one of Asia 's leading statesmen for 30 years , recently announced his intention to retire next year -- though not necessarily to end his influence .",1.0,announced,publisher
"Prime Minister Lee Kuan Yew , Singapore 's leader and one of Asia 's leading statesmen for 30 years , recently announced his intention to retire next year -- though not necessarily to end his influence .",1.0,was one of,subsidiary
"Prime Minister Lee Kuan Yew , Singapore 's leader and one of Asia 's leading statesmen for 30 years , recently announced his intention to retire next year -- though not necessarily to end his influence .",1.0,was one of,subsidiary
Repeat customers also can purchase luxury items at reduced prices .,1.0,can purchase,operating system
"Richard Newsom , a California state official who last year examined Lincoln 's parent , American Continental Corp. , said he also saw evidence that crimes had been committed .",1.0,examined,has part
"Richard Newsom , a California state official who last year examined Lincoln 's parent , American Continental Corp. , said he also saw evidence that crimes had been committed .",1.0,examined,has part
The Chemical spokeswoman said the bank has examined its methodologies and internal controls .,1.0,has examined,developer
"The Lone Star Steel lawsuit also asks the court to rule that Lone Star Technologies is jointly responsible for a $ 4.5 million Lone Star Steel pension payment that was due , but was n't paid , in September and that the parent company ca n't recover the amount from its subsidiary if the parent company makes the payment .",1.0,asks the court to,main subject
"The Lone Star Steel lawsuit also asks the court to rule that Lone Star Technologies is jointly responsible for a $ 4.5 million Lone Star Steel pension payment that was due , but was n't paid , in September and that the parent company ca n't recover the amount from its subsidiary if the parent company makes the payment .",1.0,recover the amount from,developer
"The Lone Star Steel lawsuit also asks the court to rule that Lone Star Technologies is jointly responsible for a $ 4.5 million Lone Star Steel pension payment that was due , but was n't paid , in September and that the parent company ca n't recover the amount from its subsidiary if the parent company makes the payment .",1.0,is jointly responsible for,developer
"The Lone Star Steel lawsuit also asks the court to rule that Lone Star Technologies is jointly responsible for a $ 4.5 million Lone Star Steel pension payment that was due , but was n't paid , in September and that the parent company ca n't recover the amount from its subsidiary if the parent company makes the payment .",1.0,recover the amount from,developer
The National Transportation Safety Board ruled that pilots failed to set the plane 's wing flaps and slats properly for takeoff and failed to make mandatory preflight checks that would have detected the error .,1.0,failed to set,follows
The National Transportation Safety Board ruled that pilots failed to set the plane 's wing flaps and slats properly for takeoff and failed to make mandatory preflight checks that would have detected the error .,1.0,failed to make,follows
The National Transportation Safety Board ruled that pilots failed to set the plane 's wing flaps and slats properly for takeoff and failed to make mandatory preflight checks that would have detected the error .,1.0,would have detected,operating system
The discount rate on three - month Treasury bills rose slightly from the average rate at Monday 's auction to 7.79 % for a bond - equivalent yield of 8.04 % .,1.0,rose slightly from,followed by
The discount rate on three - month Treasury bills rose slightly from the average rate at Monday 's auction to 7.79 % for a bond - equivalent yield of 8.04 % .,1.0,rose slightly from,followed by
The discount rate on three - month Treasury bills rose slightly from the average rate at Monday 's auction to 7.79 % for a bond - equivalent yield of 8.04 % .,1.0,rose slightly from,followed by
The effect is that lawsuits that might have been barred because they were filed too late could proceed because of the one - year extension .,1.0,could proceed because of,main subject
"The executives had profited handsomely by building American National Can Co. , Triangle 's chief asset .",1.0,had profited handsomely by building,developer
"The market 's tempo was helped by the dollar 's resiliency , he said .",1.0,was helped by,developer
The office may also be able to advise foreign and multinational clients on international law and general matters .,1.0,be able to advise,developer
"This week , New York City announced a 10 - point policy patterned on the federal bill of rights for taxpayers .",1.0,announced,publisher
"This week , New York City announced a 10 - point policy patterned on the federal bill of rights for taxpayers .",1.0,announced,publisher
"USG Corp. agreed to sell its headquarters building here to Manufacturers Life Insurance Co. of Toronto , and will lease the 19 - story facility until it moves to a new quarters in 1992 .",1.0,agreed to sell,subsidiary
"USG Corp. agreed to sell its headquarters building here to Manufacturers Life Insurance Co. of Toronto , and will lease the 19 - story facility until it moves to a new quarters in 1992 .",1.0,will lease,subsidiary
"`` Business across the country is spending more time addressing this issue , '' says Sen. Edward Kennedy ( D. , Mass . ) .",1.0,is spending,main subject
"`` If working capital financing is not provided , '' he said , `` the RTC may have to slow { S&L sales } or dump acquired assets through fire sales .",1.0,may have to slow,platform
"`` If working capital financing is not provided , '' he said , `` the RTC may have to slow { S&L sales } or dump acquired assets through fire sales .",1.0,dump acquired assets through,platform
"`` If working capital financing is not provided , '' he said , `` the RTC may have to slow { S&L sales } or dump acquired assets through fire sales .",1.0,dump acquired assets through,platform
